team_id,user_id,date_joined
8126892,88470,2016-08-27T18:59:10.000000Z
7684671,639740,2014-03-11T23:21:36.000000Z
6904594,1296625,2020-12-13T03:49:25.740Z
5066616,1400303,2015-11-04T01:42:23.000000Z
6849795,1470116,2014-01-19T21:52:47.000000Z
7428719,3916428,2017-02-23T04:15:46.000000Z
0,3940262,2021-02-28T21:05:42.111Z
8255888,5150808,2020-03-21T23:39:09.415Z
2293742,6199147,2018-03-30T12:28:00.867Z
6516770,8591574,2016-04-11T05:58:44.228Z
7586525,8712306,2018-08-21T14:42:39.000000Z
5090212,8817047,2011-07-14T05:30:00.000000Z
1883502,9403474,2018-04-26T22:49:03.558Z
8291895,10366616,2016-04-11T03:56:15.700Z
7684116,10511872,2019-10-04T20:00:47.529Z
5014799,11550182,2020-12-15T20:16:37.886Z
8600786,11865327,2021-09-15T16:52:01.599Z
5575557,12335314,2020-09-02T05:28:41.285Z
7684634,12391689,2017-11-29T11:15:16.805Z
8105615,12692042,2020-06-26T16:14:12.489Z
8318683,14067214,2019-11-29T11:11:18.480Z
5032934,15272141,2020-11-07T17:27:05.851Z
7731406,16446200,2020-09-09T02:51:31.705Z
8599101,16497807,2020-12-05T02:26:53.827Z
5022588,16795361,2017-10-06T03:32:30.371Z
111474,18180970,2018-12-09T23:16:04.851Z
6979765,18565955,2021-01-15T05:38:06.904Z
6592941,19195168,2018-01-20T20:15:42.544Z
7237270,20321748,2019-07-04T21:28:03.871Z
5057105,20356581,2017-11-11T16:27:35.451Z
7871207,20652618,2014-08-18T16:34:39.000000Z
8021304,21270361,2015-12-25T15:18:19.000000Z
7667517,21289303,2017-07-07T15:35:52.000000Z
8310026,21487219,2021-08-15T15:02:00.644Z
1958953,21604967,2017-09-29T11:16:15.000000Z
7734344,23589642,2016-06-05T17:16:25.055Z
8069786,24009418,2017-08-12T22:19:57.696Z
8261917,25175582,2017-01-31T00:45:09.000000Z
39,25907144,2019-01-01T20:42:28.178Z
5242529,26356855,2018-10-30T00:59:18.876Z
8112124,27178898,2019-03-18T23:03:47.103Z
2537250,27407710,2012-10-17T17:58:00.000000Z
8118197,28070572,2013-11-25T01:33:49.000000Z
8091161,29517189,2017-04-08T16:02:24.000000Z
2512249,30237211,2020-08-08T15:14:13.756Z
3214744,30326642,2017-08-27T20:41:17.938Z
8605094,34322358,2017-11-23T16:20:15.344Z
7554697,34505203,2017-05-02T01:21:56.000000Z
6517668,34726076,2018-11-16T09:08:20.955Z
8598715,35504297,2017-03-13T20:32:32.799Z
6903944,35533647,2017-10-24T07:13:10.466Z
6491802,36343070,2019-08-22T06:34:24.028Z
6072281,36605156,2019-07-30T13:16:24.143Z
5112297,36707044,2015-11-02T23:33:26.000000Z
7527187,37399177,2021-03-06T13:47:40.405Z
7667753,38424773,2015-12-30T00:24:28.000000Z
8260983,38628747,2018-04-04T06:05:16.487Z
5152149,39155815,2015-01-24T03:40:48.000000Z
7565061,39795399,2021-07-25T15:48:51.321Z
6820028,40144634,2017-11-11T22:49:45.410Z
5090573,40146942,2019-11-25T17:08:14.342Z
7667874,40551351,2021-04-27T15:19:35.540Z
5003402,40586005,2015-09-21T20:02:09.044Z
7684978,40697769,2021-08-16T10:10:12.337Z
8376696,40805086,2013-03-02T14:40:44.000000Z
2059672,41470731,2016-09-01T20:08:40.109Z
8077147,41637292,2021-07-19T11:11:14.876Z
6490995,41843638,2021-04-17T08:53:13.234Z
6656039,42274654,2016-07-14T19:24:06.914Z
7440823,42989814,2012-09-19T14:37:45.000000Z
3755431,43642982,2019-05-12T09:53:27.623Z
7682271,43976568,2020-07-24T17:00:34.116Z
7684817,44203190,2017-07-19T14:26:19.090Z
397450,44447459,2017-07-25T10:11:43.000000Z
7556096,44603256,2019-05-11T15:50:06.094Z
7453525,44604531,2021-10-20T04:15:44.088Z
3845706,46398245,2021-05-22T17:45:58.365Z
8605296,48594480,2012-10-31T00:44:19.000000Z
7683371,48681338,2020-02-02T22:13:28.004Z
7684496,48739453,2021-08-09T21:59:38.900Z
7683236,49769407,2021-11-07T23:33:13.455Z
8390848,50580004,2017-10-05T19:49:04.585Z
7819028,50828662,2020-03-25T00:09:09.574Z
7684979,51768121,2020-12-28T02:59:34.475Z
7529744,52743236,2014-09-15T16:40:28.000000Z
8062875,52781082,2020-10-12T15:24:24.057Z
8099247,53178236,2012-06-29T07:16:54.000000Z
7681301,53242962,2017-12-25T05:22:44.000000Z
5237874,53722536,2018-11-19T18:34:48.075Z
7855913,53740474,2020-03-23T10:12:52.163Z
2163,54580962,2016-11-11T17:31:55.114Z
6980592,56029361,2019-12-25T00:27:15.716Z
7683984,56623474,2016-02-04T17:43:30.000000Z
8344760,56939869,2021-11-21T15:19:19.850Z
2969642,57569220,2011-07-12T13:29:34.000000Z
8271145,57578110,2020-10-05T22:39:14.333Z
7235160,57942148,2012-04-02T15:44:54.000000Z
6878393,58216541,2019-10-31T16:47:21.741Z
8482620,58429537,2021-08-12T13:43:55.886Z
7682375,58430323,2018-08-26T16:29:26.000000Z
3783890,59381601,2021-07-05T20:44:42.931Z
7119077,59463394,2016-10-07T18:41:01.000000Z
8604954,59752811,2021-10-07T05:47:07.073Z
6189377,60943014,2021-03-17T14:50:05.875Z
7667097,62159682,2020-09-11T07:05:37.913Z
8055689,62533910,2015-12-23T19:37:44.218Z
7486089,63703276,2020-09-10T17:32:11.576Z
8591484,64444715,2021-08-18T16:03:17.221Z
7626304,64914621,2017-04-17T21:38:12.970Z
7684611,65269963,2021-11-29T17:40:54.330Z
7899713,65674469,2018-06-21T03:11:12.000000Z
7850966,66228684,2021-01-20T15:02:24.452Z
6186173,66598119,2018-07-17T08:23:37.211Z
7440055,67119389,2017-04-20T20:23:28.641Z
8614325,68007361,2018-10-28T15:58:22.594Z
6570535,68254582,2021-04-25T15:09:48.755Z
7654723,68272131,2021-12-02T07:48:40.010Z
7540925,68709354,2021-09-02T04:28:53.961Z
5465829,69602973,2020-12-01T00:31:04.660Z
8359896,70388657,2018-06-09T21:11:02.000000Z
7684596,70558570,2019-09-06T15:24:10.489Z
7036368,70663093,2018-11-04T20:42:05.000000Z
8442622,71266407,2019-10-31T03:42:45.539Z
6981836,71869498,2018-07-12T08:39:34.286Z
8581426,71948225,2018-02-12T22:51:32.000000Z
2637135,72980267,2017-10-24T01:47:19.000000Z
8261648,73401082,2020-11-22T16:02:43.000Z
8254407,74378317,2021-03-15T06:45:32.783Z
1566140,75241544,2020-01-18T04:21:58.628Z
7684831,75285376,2015-07-26T20:16:07.000000Z
7715132,75390186,2015-09-25T02:49:43.000000Z
8343488,75750590,2018-12-12T19:20:18.515Z
4287803,76510612,2019-12-25T21:40:16.540Z
8572181,76904792,2018-03-06T00:39:33.445Z
1641853,76996998,2011-02-13T17:26:50.000000Z
5201642,77212972,2014-01-05T10:15:31.000000Z
7684144,77405809,2020-02-18T18:46:46.356Z
7754653,78651939,2019-07-09T22:01:25.245Z
7173217,78937420,2017-10-03T21:51:56.611Z
7316976,79002648,2021-02-14T20:45:57.312Z
8144335,79247165,2019-11-30T12:24:55.982Z
7977638,79377767,2021-10-20T09:25:46.414Z
8507465,79922175,2021-09-28T17:27:37.433Z
7298091,81306398,2020-09-17T06:12:33.926Z
8620630,81475303,2021-06-22T05:57:27.783Z
7624504,81481903,2021-10-20T20:32:04.602Z
8131586,82327674,2020-02-08T06:59:46.722Z
7684068,82507234,2012-04-21T20:48:09.000000Z
7424193,82630959,2018-12-22T23:07:21.845Z
7555482,83003439,2011-12-16T17:11:05.000000Z
6876407,83515709,2016-04-29T16:46:24.701Z
583915,83543346,2020-08-12T03:01:58.064Z
8037306,84021752,2018-04-26T17:09:10.289Z
5679840,84390306,2020-07-26T17:09:43.950Z
7668985,84620251,2011-02-05T19:16:07.000000Z
1838315,84772440,2012-03-05T12:41:16.000000Z
1061269,84853828,2020-07-08T17:01:20.246Z
6187309,85008179,2017-02-27T22:00:15.223Z
8255756,85312703,2018-08-01T02:19:47.439Z
8205424,85367644,2021-08-06T17:59:52.366Z
7034741,85375207,2019-06-11T15:07:47.973Z
6018446,85485252,2016-07-15T08:49:47.312Z
7498762,85612299,2020-06-26T05:05:17.405Z
7315071,85696663,2011-09-19T04:01:30.000000Z
7251006,85956459,2021-02-07T05:35:47.224Z
7851888,86047456,2017-11-06T14:13:54.000000Z
7683592,86189031,2021-10-02T10:52:09.468Z
8599217,86300851,2017-12-13T02:15:44.000000Z
7469200,86317757,2017-10-05T22:25:45.761Z
5055701,86356342,2018-10-12T23:35:17.967Z
7682820,86715129,2016-09-19T06:43:31.401Z
8598999,86723143,2011-03-05T06:25:01.000000Z
7558577,86732705,2019-05-13T17:13:16.611Z
4424013,86741690,2021-02-16T17:21:48.080Z
5070043,86744322,2018-12-24T04:43:03.305Z
5767709,86750028,2018-08-30T08:28:19.573Z
8091304,86750262,2016-12-28T15:20:33.000000Z
2537636,86751819,2016-12-02T08:12:19.074Z
5216274,86761682,2016-06-28T14:52:37.480Z
8343637,86765434,2018-02-02T09:55:12.300Z
6352245,86772934,2017-04-18T16:31:46.307Z
7996574,86780673,2016-09-03T10:48:29.598Z
7408091,86793739,2021-04-02T03:20:50.631Z
5167588,86802844,2019-11-07T09:38:49.492Z
8375259,86818655,2010-12-10T22:05:06.000000Z
7406964,86827090,2014-07-08T10:48:19.000000Z
8496581,86870856,2017-10-08T09:55:48.967Z
6820663,86874930,2020-10-06T15:12:50.916Z
6211505,86887653,2017-11-30T14:30:10.033Z
6818714,86891646,2021-09-17T20:28:28.782Z
8075507,86896635,2019-05-02T23:44:27.986Z
7683396,86953414,2016-11-07T11:58:11.774Z
8597976,87012746,2014-10-14T16:16:55.000000Z
5766937,87039091,2021-08-02T12:15:39.632Z
7833289,87113040,2020-08-22T16:16:23.624Z
8014963,87357803,2021-11-29T01:42:53.975Z
7625263,87360406,2015-09-21T20:52:51.133Z
7683680,87383462,2017-04-24T07:18:50.000000Z
2786652,87423323,2020-12-26T03:55:56.086Z
7542148,87586992,2012-02-18T14:40:47.000000Z
4591569,87932136,2020-02-20T13:57:02.169Z
7895594,87967499,2020-12-27T01:12:07.247Z
8260932,88153289,2012-05-24T15:04:36.000000Z
8118375,88809428,2021-09-15T03:32:08.553Z
8520180,88933594,2019-04-29T12:25:15.637Z
5244665,89038430,2019-06-06T19:55:21.930Z
20,89246836,2016-08-19T23:14:38.000000Z
6188332,89249333,2017-05-14T14:45:01.000000Z
2277712,89268488,2011-11-09T04:54:08.000000Z
7683787,89301977,2015-01-09T05:53:48.000000Z
6212214,89330493,2014-03-19T10:56:06.000000Z
6209166,89423756,2014-01-07T02:07:08.000000Z
36,89550641,2014-01-31T16:10:10.000000Z
7404529,89603649,2013-10-30T20:59:57.000000Z
2898453,89625472,2016-09-07T10:20:59.000000Z
7732977,89871557,2015-02-23T04:48:33.000000Z
7578716,89945143,2017-10-05T01:55:34.153Z
8097343,89972122,2020-10-24T15:30:29.003Z
2586976,90125566,2015-03-27T17:53:36.000000Z
5894738,90324740,2018-10-30T02:02:59.000000Z
8599645,90365989,2017-07-21T18:23:21.002Z
1143609,90736413,2021-02-20T18:02:43.480Z
6209804,90882159,2016-03-25T20:08:31.000000Z
5219641,90892734,2012-07-06T06:43:50.000000Z
5104445,90934656,2021-03-25T16:49:16.705Z
7781771,91019997,2014-09-14T04:19:57.000000Z
8599809,91064780,2018-10-16T18:26:09.000000Z
7441121,91380904,2019-10-17T22:26:41.828Z
7554328,91443418,2021-10-22T18:52:42.442Z
8591133,91644707,2017-09-12T22:39:56.000000Z
7683797,91932652,2017-02-28T16:36:35.160Z
7684194,92061350,2014-10-14T14:57:12.000000Z
8049504,92071256,2017-06-17T19:14:40.338Z
602634,92214768,2019-08-14T21:07:05.402Z
8599009,92231506,2017-02-24T10:43:30.861Z
7682909,92241448,2011-08-17T02:43:41.000000Z
6212110,92253768,2016-07-14T05:38:04.653Z
7684653,92261128,2011-04-21T05:13:43.000000Z
534136,92367063,2021-03-24T11:59:30.828Z
8598633,92423451,2015-12-27T16:39:29.000000Z
8021531,92477990,2017-08-03T20:44:28.346Z
8606828,92706637,2019-08-22T03:17:41.951Z
46,92847434,2021-05-02T16:11:27.707Z
5015830,93003633,2017-08-27T08:21:19.330Z
8261882,93159453,2021-11-16T23:05:08.547Z
6765751,93317034,2021-08-21T18:33:22.171Z
7422789,93552791,2017-11-18T05:06:59.000000Z
7685057,93761690,2019-09-19T03:31:43.497Z
7483630,93954809,2021-11-15T00:49:27.760Z
7395534,94120026,2016-07-06T11:56:39.000000Z
8214850,94281932,2013-03-24T14:38:58.000000Z
6713506,94338967,2015-09-11T19:40:41.321Z
8272699,94364925,2020-04-08T01:17:18.932Z
7684392,94374420,2015-09-05T20:09:18.000000Z
8261397,94439767,2020-02-02T16:55:46.103Z
7186466,94762375,2016-01-02T19:19:22.923Z
7468679,94923783,2017-08-08T12:06:12.000000Z
7563855,95145869,2021-09-20T04:50:31.234Z
5098014,95804890,2017-12-20T19:32:19.000000Z
7453744,96183976,2012-04-17T06:02:13.000000Z
8262126,96189126,2020-11-02T10:29:10.735Z
7818220,96272499,2020-07-14T08:02:31.111Z
7035729,96384660,2015-07-23T20:23:03.000000Z
8605863,96803083,2017-01-14T15:00:31.844Z
4914765,96817019,2019-09-11T01:21:19.235Z
6074921,97048475,2017-09-12T03:22:55.885Z
8025426,97353735,2011-11-26T13:36:12.000000Z
8496030,97597779,2019-01-10T00:08:25.340Z
8494848,97676580,2011-04-04T21:23:53.000000Z
6240192,97845634,2020-11-13T22:49:10.852Z
6092404,97975407,2014-07-04T22:14:14.000000Z
7390454,98172857,2021-08-16T07:43:28.543Z
6419766,98555459,2011-07-22T04:05:35.000000Z
8262639,98961223,2021-01-04T08:45:37.144Z
7683660,99095107,2017-08-19T12:55:53.384Z
7298341,99460568,2011-07-20T08:24:32.000000Z
7390797,99539136,2018-02-16T16:25:31.172Z
7668955,99573176,2019-01-07T23:21:53.910Z
2672298,99796146,2014-06-20T16:23:37.000000Z
7765503,99947395,2021-01-20T12:37:36.508Z
7682624,100281069,2018-10-14T19:30:40.000000Z
7407581,100406278,2010-12-19T08:09:58.000000Z
350190,100471531,2011-06-11T17:33:12.000000Z
6926408,100503830,2019-10-09T18:12:08.359Z
7682462,100560596,2015-10-18T16:41:40.369Z
8589621,100598959,2013-01-09T00:31:08.000000Z
8525778,100616105,2017-09-21T12:21:41.222Z
5892936,100652044,2018-06-13T23:11:51.964Z
314627,100704400,2018-08-05T18:04:47.779Z
8230115,100708765,2021-02-01T18:03:55.248Z
7683877,100829013,2012-04-11T15:44:46.000000Z
2371783,100870444,2012-02-13T21:23:21.000000Z
8090442,101071453,2015-03-25T08:29:02.000000Z
7794384,101208242,2017-03-04T22:10:13.000000Z
5,101259972,2012-02-16T19:08:18.000000Z
5466126,101325470,2018-12-19T09:21:58.486Z
7683672,101441719,2020-01-14T10:02:38.500Z
7587693,101446572,2021-03-11T17:31:52.626Z
8261197,101460882,2013-07-28T08:42:35.000000Z
7252587,101534092,2020-09-02T11:08:08.911Z
8261500,101586543,2013-01-31T06:24:29.000000Z
8222896,101642221,2011-03-30T10:08:07.000000Z
7684327,101800753,2014-02-13T02:28:23.000000Z
5063845,101897410,2016-03-15T11:11:19.512Z
8118983,101908305,2017-08-21T04:06:03.013Z
7684313,101985831,2016-07-18T10:17:57.000000Z
8126533,102020930,2014-10-25T19:11:20.000000Z
7300389,102024536,2011-07-19T23:17:52.000000Z
8573357,102185479,2021-02-01T18:07:56.877Z
7781709,102304762,2016-06-06T00:11:34.422Z
6493307,102500941,2018-07-20T09:18:09.066Z
6980042,102525542,2017-06-23T16:58:09.407Z
4647748,102528150,2017-05-31T02:20:44.000000Z
7761033,102542390,2011-07-09T23:13:08.000000Z
5020794,102600341,2018-08-12T02:08:33.608Z
7685100,102620353,2012-01-01T06:28:40.000000Z
5805234,102644565,2011-09-28T10:36:44.000000Z
7300277,102797362,2013-12-30T06:32:04.000000Z
8261114,103110865,2015-06-12T21:23:06.000000Z
5172824,103126502,2013-11-15T07:59:07.000000Z
7003736,103162342,2020-03-25T13:33:54.973Z
7080124,103337970,2015-10-12T18:14:51.000000Z
2576315,103527848,2017-10-20T23:11:36.332Z
5246530,103578570,2018-07-27T02:04:37.344Z
7682860,103797290,2021-10-06T16:27:48.057Z
8597391,103910993,2019-06-07T11:32:19.268Z
7610833,103940975,2015-01-10T17:16:06.000000Z
964214,104100326,2014-07-31T14:56:30.000000Z
7451763,104237213,2021-10-07T09:26:02.495Z
7894580,104334048,2019-05-17T15:30:04.059Z
7996429,104464707,2020-05-26T17:56:33.479Z
7747208,104537888,2020-06-22T20:44:32.002Z
8344564,105040222,2018-12-27T21:11:48.734Z
3739469,105467185,2014-05-15T02:07:40.000000Z
3351667,105663807,2018-03-17T13:27:47.729Z
7699126,105742697,2019-06-12T16:20:06.811Z
6982031,105974533,2020-06-24T04:53:25.399Z
8113462,105989125,2013-01-07T03:21:39.000000Z
7763895,106188840,2017-12-19T02:01:29.000000Z
7566414,106204137,2018-12-28T23:32:16.514Z
2833068,106266655,2021-04-22T07:19:56.099Z
7639736,106593246,2019-09-03T11:27:01.263Z
7577645,106667692,2013-04-30T07:28:35.000000Z
8598880,107023378,2012-03-26T08:57:58.000000Z
8598757,107033780,2020-06-08T15:52:58.389Z
726228,107081378,2015-09-11T09:37:39.000000Z
6520439,107485519,2018-09-07T21:50:32.018Z
7234047,107530239,2019-06-03T15:12:40.649Z
8599005,107746371,2013-08-22T21:56:47.000000Z
6952364,108011225,2018-10-26T23:51:50.377Z
8598364,108203659,2019-10-13T23:21:43.304Z
7453020,108221389,2015-08-15T23:56:52.000000Z
7684707,108275947,2020-05-04T09:33:38.044Z
6210979,108376607,2015-12-15T20:24:09.000000Z
4282493,108383863,2018-01-30T02:21:10.000000Z
7609792,108582486,2012-06-05T11:50:53.000000Z
8244493,108717482,2017-03-08T06:54:19.075Z
7421942,109163420,2018-02-22T21:15:11.904Z
8080796,109338760,2021-08-15T10:45:55.817Z
8597898,109455705,2011-03-24T02:21:15.000000Z
8598406,109798771,2014-01-23T04:22:32.000000Z
5036403,109822240,2019-09-04T02:54:23.188Z
8040185,110142194,2020-04-09T16:15:01.814Z
7833653,110228930,2016-11-10T11:44:10.095Z
7391049,110539311,2015-09-21T14:49:04.972Z
7681992,110605738,2017-06-08T19:57:03.892Z
5109000,110759067,2013-03-05T08:03:14.000000Z
2640025,110837826,2021-07-31T17:44:04.051Z
8588969,111030315,2014-08-30T02:45:03.000000Z
15,111114687,2015-08-11T23:19:06.000000Z
7514223,111291593,2017-05-22T16:58:19.000000Z
8599942,111750003,2020-01-01T11:23:12.201Z
7666846,111937250,2016-11-06T22:03:32.000000Z
8604313,112179882,2019-04-05T17:53:32.621Z
7625574,112250781,2012-06-27T18:56:11.000000Z
2108395,112377459,2014-04-28T17:11:29.000000Z
8360138,112531417,2016-06-14T21:31:05.000000Z
6590719,112552914,2011-01-10T13:55:47.000000Z
7408305,112669497,2021-12-05T03:12:32.111Z
7798109,112702897,2021-08-09T19:07:00.830Z
8598039,113152484,2015-05-13T11:10:07.000000Z
7119388,113331514,2013-05-25T04:09:12.000000Z
7685008,113560726,2015-05-02T08:16:39.000000Z
4959603,113666945,2020-04-18T07:46:53.496Z
7684513,113849259,2017-11-07T14:33:57.000000Z
8262059,114193693,2015-10-09T21:18:17.000000Z
6382740,114239371,2013-08-08T06:35:24.000000Z
5681778,114298083,2013-07-22T12:00:35.000000Z
4652938,114316960,2017-07-23T10:48:15.000000Z
7681485,114439459,2013-12-16T06:08:00.000000Z
3335901,114559048,2018-11-17T21:26:35.733Z
8261774,114596500,2018-03-05T00:02:45.609Z
7138130,115043148,2012-04-30T14:20:35.000000Z
8040800,115102590,2016-09-03T13:38:48.893Z
7798674,115654849,2013-02-20T23:47:47.000000Z
7121518,116080282,2014-05-09T02:42:37.000000Z
8080809,116508195,2019-09-15T22:27:19.805Z
8056042,116591584,2013-01-17T23:55:08.000000Z
8104695,116602706,2020-11-27T05:41:17.068Z
6298652,116653360,2016-12-18T03:45:21.000000Z
5802745,116762983,2019-07-09T04:22:21.810Z
7668075,116782914,2013-11-27T21:59:51.000000Z
8039870,117071713,2020-08-16T07:54:16.549Z
7391077,117089283,2021-12-05T17:33:31.528Z
7217630,117106216,2015-05-23T00:53:44.000000Z
7655066,117127191,2020-11-05T08:16:46.339Z
6143582,117199412,2013-09-08T02:13:27.000000Z
1375614,117281554,2012-01-07T21:54:41.000000Z
7118032,117421467,2016-10-21T21:36:09.000000Z
7407260,117731777,2012-10-20T21:58:34.000000Z
7644586,117875230,2017-03-20T16:42:58.000000Z
1077685,117990312,2016-11-16T10:13:20.096Z
7684413,118022234,2018-10-09T10:37:00.000000Z
7391253,118097484,2011-11-24T11:15:16.000000Z
7684963,118127154,2018-03-30T20:34:17.000000Z
7101094,118207269,2018-11-16T00:01:49.509Z
4541576,118481725,2015-07-31T12:16:54.000000Z
7682202,118581175,2019-08-31T10:23:55.013Z
8144223,119137163,2019-10-11T12:52:13.916Z
7684600,119155820,2020-02-08T21:27:31.764Z
6162501,119540075,2019-07-23T07:39:02.373Z
7681090,119550275,2021-02-17T04:49:06.466Z
8254400,119631156,2016-05-24T20:49:34.875Z
5042038,119656092,2012-11-18T12:37:06.000000Z
7738472,119866878,2015-06-07T10:55:46.000000Z
7711933,120303454,2017-10-31T08:25:42.000000Z
7389929,120428558,2017-01-01T22:25:34.786Z
3477208,120555439,2012-10-06T10:16:31.000000Z
5085894,121193698,2017-12-01T06:07:01.482Z
8082248,121395876,2015-05-10T03:21:32.000000Z
7892748,121572778,2019-08-06T16:28:13.945Z
2289950,121591254,2018-10-29T23:57:22.000000Z
5136911,121732459,2014-06-07T08:58:56.000000Z
8106043,121815583,2013-08-06T18:31:16.000000Z
8082167,121917409,2017-03-16T04:55:59.000000Z
7748643,121952627,2021-09-30T22:32:47.977Z
7915829,122065811,2016-05-03T04:13:43.454Z
2639697,122445696,2013-11-17T10:35:31.000000Z
2103577,122670743,2017-11-09T03:19:04.758Z
7938030,122813174,2021-05-13T07:16:17.112Z
7300784,123485937,2019-05-24T03:02:11.916Z
7684721,123497536,2021-10-17T11:49:35.818Z
4961103,123602460,2018-04-08T19:42:42.241Z
7684886,123701899,2016-11-09T13:15:45.000000Z
7598716,124066939,2017-02-06T14:02:39.826Z
7683402,124211632,2014-08-15T11:32:55.000000Z
7781029,124669158,2021-10-10T05:46:55.925Z
2879409,124780194,2014-10-19T14:00:06.000000Z
8261404,124796795,2021-04-30T18:19:41.165Z
3967527,125328301,2011-09-17T11:38:43.000000Z
7683649,125571263,2012-04-20T09:07:59.000000Z
1520578,125581247,2015-01-19T09:28:49.000000Z
6662123,125686323,2020-08-04T15:43:04.625Z
7685097,125794817,2020-06-26T03:41:09.815Z
8254112,125941160,2016-10-10T20:02:10.000000Z
8131728,125995177,2014-04-01T18:16:50.000000Z
5870924,126253073,2016-03-07T23:00:01.000000Z
7767175,126323933,2018-02-07T09:21:18.565Z
7009130,126340643,2011-01-01T12:10:56.000000Z
6767209,126378949,2012-01-12T22:46:15.000000Z
7356881,126397214,2016-03-11T07:51:47.000000Z
6820176,127548726,2021-04-03T19:19:36.461Z
7653152,128093825,2011-11-05T05:29:11.000000Z
3689321,128214794,2014-10-25T03:16:27.000000Z
5896013,128367019,2015-03-21T01:27:50.000000Z
7438854,129184871,2020-09-19T18:14:56.599Z
8062087,129315212,2018-09-02T14:16:52.000000Z
2879870,129430590,2019-01-18T12:50:52.678Z
8124688,129683931,2015-02-11T17:20:05.000000Z
5464491,129848451,2011-10-03T10:36:48.000000Z
5229568,129856548,2020-09-15T00:59:54.239Z
7529209,130001137,2020-01-06T04:20:33.590Z
5407995,130049546,2010-12-07T03:17:29.000000Z
7999159,130291279,2015-11-25T16:02:58.161Z
7423953,130503714,2012-02-17T04:46:22.000000Z
7220097,131135706,2014-08-08T15:06:27.000000Z
7057520,131330953,2017-08-24T10:52:26.000000Z
8124991,131525276,2021-03-11T20:01:14.231Z
7139457,131568522,2020-08-31T17:56:59.364Z
8253505,131706718,2016-09-24T13:54:39.080Z
6465093,131766964,2015-09-21T19:28:25.000000Z
8590460,131777279,2019-02-16T22:54:30.024Z
8597183,131788300,2015-03-16T10:42:05.000000Z
8119552,131823301,2014-08-14T03:55:54.000000Z
7119039,132291754,2013-11-06T15:54:36.000000Z
7682417,132553345,2011-10-05T13:10:05.000000Z
8215803,133558180,2021-10-08T09:45:24.836Z
4122483,133649808,2017-12-13T06:25:50.384Z
7219525,133705802,2013-01-18T22:46:05.000000Z
6322636,133807400,2017-06-05T17:27:57.000000Z
3214086,133972650,2018-08-07T01:23:28.833Z
3339205,134121021,2019-05-02T13:13:46.369Z
7684363,135178273,2021-11-07T08:22:35.247Z
7001626,135596324,2014-09-14T22:11:55.000000Z
7059982,135878232,2012-11-22T07:20:30.000000Z
7099096,136131344,2016-10-07T20:07:16.000000Z
8254446,136146286,2014-12-31T05:05:22.000000Z
7697999,136187546,2016-07-25T22:23:22.000000Z
7650624,136273116,2014-12-28T07:43:24.000000Z
7684984,136479217,2017-10-12T16:06:49.000000Z
8204512,136624722,2013-12-03T02:24:47.000000Z
7684934,136740553,2015-09-25T02:25:50.000000Z
7001412,136844585,2016-04-20T08:01:21.000000Z
2634810,136980762,2014-01-29T09:07:55.000000Z
7936283,137014785,2020-09-19T21:30:45.620Z
2794137,137276883,2017-11-21T23:23:28.440Z
6878710,137438317,2021-11-08T23:55:59.607Z
4258537,138147512,2015-11-07T09:09:20.000000Z
7684843,138458104,2019-03-07T17:24:24.219Z
8090063,138740181,2011-01-15T07:05:32.000000Z
8582076,139031324,2017-08-04T14:14:46.000000Z
4,139174891,2011-08-28T05:25:56.000000Z
7422393,139280377,2016-01-01T17:55:56.000000Z
7995869,139460025,2012-08-01T23:46:08.000000Z
7684655,139790217,2015-04-07T05:20:41.000000Z
7683937,139985766,2017-04-19T05:51:01.757Z
8574561,140095766,2017-05-14T23:31:59.000000Z
5969957,140155883,2012-04-13T17:21:41.000000Z
6738297,140953773,2016-06-10T18:32:21.000000Z
7683147,141355232,2021-06-17T16:39:51.417Z
7299964,141833801,2012-10-30T00:33:42.000000Z
7653669,142051087,2011-01-07T17:29:22.000000Z
7731522,142194034,2014-12-03T11:20:35.000000Z
8091391,143213147,2019-12-30T05:29:31.714Z
6142659,143306527,2011-05-05T23:10:39.000000Z
8022778,144870065,2017-05-18T03:12:16.294Z
7684937,145298872,2019-09-18T10:55:32.500Z
8168128,145331311,2013-10-23T03:22:53.000000Z
4256312,145335241,2014-03-22T15:52:45.000000Z
8118919,145372258,2019-11-26T16:08:12.034Z
4183862,146004589,2020-11-20T11:43:01.432Z
7236678,146969247,2017-05-14T08:07:28.000000Z
8090712,147134765,2019-10-05T07:10:52.454Z
8310936,148180390,2021-11-02T23:18:19.171Z
6710145,148826785,2017-09-01T08:47:09.446Z
1681716,148962300,2014-09-18T00:12:33.000000Z
7371674,149295846,2017-11-24T18:35:15.000000Z
6768128,149809279,2016-07-15T13:08:19.000000Z
6188649,150197164,2015-09-15T12:28:35.371Z
6488941,151460217,2013-12-19T13:03:56.000000Z
5922724,151561666,2018-05-15T03:22:30.000000Z
8124962,152122881,2015-02-24T03:04:01.000000Z
5895547,152715081,2019-11-06T10:43:06.458Z
8158923,152915953,2017-08-21T03:23:40.000000Z
7716538,152960698,2017-10-16T01:13:27.479Z
8607159,153351088,2017-12-09T15:22:02.568Z
8550343,153609394,2018-09-14T01:25:25.000000Z
8261554,153727297,2021-11-17T16:34:56.030Z
2738689,153749549,2012-09-22T04:51:22.000000Z
2046126,154216887,2012-09-04T11:41:11.000000Z
6324964,154672909,2019-04-07T13:24:22.423Z
7679642,155350645,2015-02-20T03:45:08.000000Z
1434758,155507163,2018-10-15T05:08:24.000000Z
7850977,155564702,2021-01-23T13:54:08.394Z
8254145,156029808,2012-09-08T01:15:06.000000Z
5084496,156243016,2018-06-29T05:12:50.000000Z
5055770,156331087,2014-07-02T16:12:52.000000Z
5184644,157298377,2011-05-28T19:33:44.000000Z
7467102,157856188,2020-09-21T09:38:31.506Z
7684682,158216851,2019-03-30T13:17:29.889Z
7542441,159235251,2013-01-25T17:09:50.000000Z
8430761,160391554,2017-07-13T20:26:59.000000Z
7564139,160770370,2019-04-13T21:46:10.727Z
7893866,160777268,2017-10-24T20:37:27.110Z
6794437,161980625,2010-12-24T19:07:08.000000Z
7405034,162255675,2015-01-13T13:07:55.000000Z
2643401,163497368,2012-01-31T15:43:39.000000Z
8021887,163564052,2012-08-21T10:01:27.000000Z
8070099,163879323,2012-12-15T22:24:59.000000Z
8062835,163891868,2011-06-23T03:35:25.000000Z
3265632,165086162,2016-01-12T08:41:18.000000Z
7764015,165213126,2012-10-29T19:02:59.000000Z
7684974,165456701,2021-10-26T15:14:33.985Z
7684640,165533857,2021-12-04T06:38:58.723Z
7684556,166176425,2018-04-07T10:10:25.758Z
6120845,167054382,2012-01-23T13:42:04.000000Z
7422811,167056111,2016-03-23T15:00:22.000000Z
8571960,167072778,2011-09-08T21:28:56.000000Z
8097905,167120694,2019-03-25T14:09:28.340Z
5152964,167372590,2011-01-02T11:33:32.000000Z
6614842,167583825,2013-08-05T13:19:56.000000Z
8048773,167648978,2017-02-02T14:25:01.000000Z
8131469,167745437,2021-10-17T17:59:29.697Z
7682574,168104084,2014-01-23T08:28:56.000000Z
8254059,168385950,2013-02-13T06:29:45.000000Z
8204917,168798737,2014-03-16T19:06:09.000000Z
7714035,169141480,2019-10-30T00:07:29.062Z
7640985,169393786,2013-07-24T23:39:42.000000Z
7716098,169672157,2014-04-03T20:28:14.000000Z
8271032,170638230,2013-12-05T21:52:24.000000Z
8010103,171169750,2015-02-03T08:24:45.000000Z
5403575,171345274,2018-03-10T23:30:01.451Z
8598377,171627713,2021-01-15T16:58:55.125Z
8090678,171775246,2016-04-24T06:49:04.000000Z
7802017,172298224,2017-09-11T15:12:46.810Z
3850026,172378980,2014-11-01T06:49:22.000000Z
5001936,172781504,2012-08-07T03:42:30.000000Z
7359809,173880329,2010-12-17T08:49:34.000000Z
7684389,174046970,2019-10-24T04:37:42.243Z
7009789,174765223,2019-07-02T23:19:14.048Z
7119468,175422910,2016-11-24T14:13:03.559Z
6980350,176974483,2017-08-01T07:39:24.043Z
7683713,177177949,2021-11-06T23:06:30.662Z
2635099,177416702,2017-04-20T21:22:10.000000Z
6711290,178366364,2016-09-30T21:40:25.600Z
7718279,178633570,2019-07-26T08:08:14.552Z
6030756,178638015,2012-11-13T11:41:07.000000Z
3637406,179073667,2020-10-21T13:36:05.825Z
7955891,179266369,2021-01-08T03:15:20.008Z
5117345,179284293,2021-08-20T18:24:08.052Z
7682779,179411043,2012-12-16T16:31:15.000000Z
7267298,179603165,2015-01-07T00:25:11.000000Z
7833558,179699509,2021-11-20T19:34:49.495Z
7683310,182385843,2017-12-18T18:58:21.076Z
7800373,182492319,2014-04-13T09:50:48.000000Z
8412548,182993582,2014-09-12T09:33:02.000000Z
6747512,183053921,2016-03-13T14:47:29.000000Z
7575276,185646215,2016-01-16T13:36:12.000000Z
2595890,185993660,2011-08-13T12:59:51.000000Z
7683779,186386124,2021-12-05T17:37:18.000Z
8359314,187191278,2020-05-11T00:35:54.490Z
8047180,187573416,2018-05-13T23:55:32.720Z
7997078,187824320,2018-06-02T11:34:42.259Z
7529297,188574954,2015-03-26T21:04:52.000000Z
8254531,189038762,2016-11-10T06:40:27.562Z
7684462,189305343,2020-03-11T17:27:36.547Z
7683499,189584023,2020-09-10T20:41:22.954Z
5670324,189708209,2016-06-27T14:45:06.450Z
7115048,189739881,2016-03-08T21:14:13.000000Z
8271759,189857042,2018-06-15T04:46:11.000000Z
7679630,189892277,2021-06-27T20:50:14.806Z
1857163,190070708,2011-08-20T16:55:53.000000Z
7960872,190710801,2019-09-25T21:14:00.493Z
8590538,191750126,2018-03-24T04:42:11.000000Z
7449303,192405422,2019-07-05T04:55:56.973Z
2517160,192651991,2018-12-14T01:08:54.481Z
7408845,192914280,2018-07-16T22:49:57.000000Z
8127895,192981126,2018-03-22T22:18:28.136Z
7355202,194521913,2018-06-13T19:49:08.239Z
4594316,194673410,2011-08-06T17:42:17.000000Z
5120030,195487866,2020-09-07T01:06:01.844Z
7730447,196012404,2021-09-21T21:23:04.710Z
4483298,196074568,2017-03-08T11:38:27.000000Z
8255759,196331985,2015-02-20T01:19:21.000000Z
8519653,196490133,2021-09-11T00:35:49.494Z
7848119,198035908,2019-02-20T15:59:26.660Z
5837973,199133117,2013-07-31T23:59:51.000000Z
6955045,199667127,2018-07-27T15:16:15.958Z
8112888,200037203,2017-07-20T22:03:43.000000Z
6185655,201594424,2011-06-11T07:53:45.000000Z
7102479,202148694,2019-10-13T08:41:55.332Z
7682925,203132485,2016-06-18T12:16:42.000000Z
7912954,203903869,2016-05-17T06:37:48.000000Z
7939854,205281002,2017-05-29T23:48:59.000000Z
7314682,207983361,2021-06-12T07:36:33.914Z
8090922,208227197,2021-07-29T19:41:49.798Z
8169775,209287073,2015-03-25T21:02:02.000000Z
8489432,211531481,2017-12-17T17:22:41.976Z
7998349,211884113,2014-12-31T01:19:15.000000Z
7374357,214150763,2018-04-02T12:39:15.537Z
7930695,217472313,2019-11-04T06:26:28.283Z
2341675,217906387,2012-11-16T11:21:54.000000Z
6516915,218500899,2018-04-24T02:57:10.000000Z
7405684,218843685,2021-11-06T10:45:01.833Z
3346336,219239958,2013-04-12T10:35:03.000000Z
7274469,219617777,2020-01-29T14:53:17.971Z
7681014,219755398,2021-11-20T08:42:27.924Z
7681885,222003298,2021-11-26T06:36:53.768Z
3756899,222189151,2021-10-20T19:11:11.194Z
6542450,223577034,2020-11-17T22:02:23.687Z
7500228,224623791,2018-06-15T01:54:57.982Z
7820661,228440453,2021-04-27T15:16:39.540Z
7748678,229003801,2017-09-01T08:07:53.000000Z
6211170,229499073,2013-05-13T23:28:11.000000Z
2539259,230288315,2016-05-22T03:54:28.000000Z
8012738,230328929,2018-11-02T21:29:17.391Z
7542501,230697345,2016-08-10T08:55:03.000000Z
7684582,235249395,2019-09-14T20:24:04.195Z
8261988,236322966,2017-11-28T19:56:11.000000Z
7623998,237156230,2020-10-21T22:34:53.419Z
6349771,238595735,2017-12-01T18:30:28.357Z
7331120,241370187,2020-09-02T09:16:29.204Z
7653080,242660360,2017-02-23T05:48:58.000000Z
8112452,245591868,2019-03-24T13:54:00.716Z
8091367,247040769,2015-11-23T20:47:58.000000Z
1951061,249092564,2016-04-13T21:01:59.000000Z
8360733,250306295,2021-10-23T11:35:59.601Z
8254588,253897281,2015-07-19T04:20:19.000000Z
8604354,255339080,2014-05-21T13:24:08.000000Z
6187093,256269737,2015-11-13T07:23:03.000000Z
1682387,263448592,2021-10-24T19:16:30.646Z
7654502,267261124,2021-07-15T22:24:07.057Z
6266565,274709016,2017-07-07T16:26:08.000000Z
2668926,285017844,2015-08-31T15:58:27.000000Z
5427946,285334986,2018-08-23T12:46:44.000000Z
8253569,287481472,2015-11-20T16:33:42.000000Z
7269049,287858366,2013-04-27T06:37:51.000000Z
7408440,290553350,2012-02-05T08:21:25.000000Z
5723142,290667616,2018-06-09T11:56:41.862Z
8097650,291258738,2019-04-18T20:46:54.854Z
8091409,291799648,2021-09-18T11:49:51.752Z
5895642,292276988,2012-01-01T21:22:28.000000Z
7800283,292777431,2017-04-22T16:53:43.046Z
7681914,293217392,2019-12-08T15:43:12.881Z
8359478,293904640,2019-09-18T07:46:36.217Z
8605098,294218576,2017-09-09T03:59:00.000000Z
8056275,296597392,2016-02-03T22:54:59.000000Z
8065155,297804337,2020-05-30T18:50:26.911Z
8055842,298726580,2019-10-01T02:39:38.456Z
8081296,307844536,2021-04-27T03:51:56.223Z
6208885,311236557,2016-09-06T15:47:21.761Z
7683901,312825165,2014-05-17T06:30:29.000000Z
7310385,314480111,2012-10-13T02:47:33.000000Z
7700680,315657960,2017-08-24T08:20:22.000000Z
8253235,316217576,2012-05-20T05:53:34.000000Z
7500431,316484103,2016-08-13T04:34:40.000000Z
5970391,317849786,2016-02-09T07:13:54.000000Z
6209444,318309669,2015-07-12T05:47:40.000000Z
8096439,319495561,2021-08-02T04:11:42.819Z
8098142,324945492,2011-04-28T08:59:25.000000Z
8255842,326327879,2020-11-03T19:45:12.070Z
3410884,326562941,2017-01-19T14:02:05.253Z
7626417,328056842,2014-09-14T10:42:49.000000Z
7847394,332410979,2020-07-30T11:55:14.466Z
7235302,337722092,2019-06-27T14:31:40.972Z
7935745,339457484,2017-12-17T17:53:50.232Z
8031569,344389023,2021-01-11T03:33:52.568Z
7641141,344475448,2016-03-19T00:23:23.000000Z
8550607,346392468,2019-09-25T21:15:15.825Z
7598730,349282655,2021-11-29T20:57:16.803Z
8261654,350956944,2013-04-06T01:48:09.000000Z
8262234,353602046,2020-08-13T20:42:44.024Z
7684781,354185791,2018-02-22T08:15:53.699Z
8075523,354455888,2011-08-27T14:17:05.000000Z
674762,358102129,2012-06-09T01:48:55.000000Z
8097644,359753316,2020-08-18T04:23:38.556Z
7101663,360231596,2015-07-21T02:21:09.000000Z
7424211,360912188,2021-09-23T01:22:14.819Z
7668960,366561588,2020-12-07T05:04:46.534Z
7574919,369751488,2016-06-14T06:49:56.000000Z
5067297,371082984,2018-09-29T12:34:03.000000Z
7683006,371759313,2019-01-14T01:24:36.763Z
8076432,372595310,2011-12-23T09:56:11.000000Z
7035716,378786336,2015-09-24T20:28:28.000000Z
7716104,379408668,2021-07-05T17:55:02.554Z
7869044,385750274,2017-07-10T22:57:29.000000Z
7389602,388268361,2014-03-04T18:22:10.000000Z
7716416,388905349,2013-05-12T08:37:12.000000Z
7893240,391075363,2021-02-11T06:48:32.650Z
8125069,400709028,2021-01-14T02:14:14.457Z
7716882,405146257,2013-07-08T11:47:28.000000Z
4983405,405535223,2016-12-09T15:20:43.000000Z
7003909,414665143,2020-12-26T03:09:44.047Z
8259584,417048084,2016-03-09T01:00:18.000000Z
7684685,424661031,2019-02-12T21:24:17.522Z
7683744,426769988,2017-03-29T12:14:13.000000Z
7099827,435582681,2018-03-20T20:03:19.000000Z
8344770,446376753,2014-12-13T13:56:22.000000Z
7801839,477070996,2020-05-03T02:36:25.380Z
7979080,480154377,2018-06-14T09:12:21.421Z
6658167,486157553,2014-09-22T17:38:07.000000Z
6270648,849271412,2019-06-02T00:22:11.894Z
8069462,851295431,2020-01-11T16:22:44.454Z
7701252,860214711,2016-05-05T12:17:09.000000Z
6953335,869108920,2020-03-08T06:30:44.389Z
7995889,869611336,2012-03-04T07:13:46.000000Z
8106449,871439294,2021-06-14T00:33:15.699Z
6568822,874703421,2011-08-11T16:34:46.000000Z
7993413,874890984,2011-06-11T14:34:10.000000Z
8513112,877696078,2012-09-22T16:37:49.000000Z
8083194,883489666,2012-05-07T08:24:14.000000Z
8272343,890863990,2013-04-30T04:47:47.000000Z
8352473,898455820,2015-01-31T06:21:02.000000Z
8118622,906222809,2011-01-27T19:10:21.000000Z
8106563,908327644,2017-07-13T14:57:08.000000Z
5922927,910028605,2021-11-19T19:04:47.425Z
7668467,911671153,2013-12-12T19:45:14.000000Z
7655583,924306172,2020-02-15T20:36:51.973Z
6567208,926349758,2016-02-10T12:27:10.000000Z
8550405,929566860,2020-09-04T22:20:00.621Z
7235767,970054531,2014-04-08T02:35:19.000000Z
8099057,970474023,2015-05-21T19:18:09.000000Z
6849739,977838995,2019-07-03T14:30:39.846Z
8125803,989794662,2021-09-12T21:53:10.333Z
7409604,992593285,2016-03-24T01:01:40.000000Z
8384139,1049542281,2021-01-02T09:49:04.447Z
8606662,1131665504,2017-02-07T12:26:00.000000Z
8180753,1138108910,2015-08-04T20:42:59.000000Z